{
	"query" : {
	    "filtered":{
	    	"filter":{
	    		"range" : {
					"logTime" : {
						"from" : 1368080138350,
						"to" : 1368085138350
					}
				}
			}
	    }
	},
	"size" : 0,
	"facets" : {
		"projectName" : {
			"terms" : {
				"field" : "projectName",
				"all_terms" : true
			}
		},
      "logLevel" : {
			"terms" : {
				"field" : "logLevel",
				"all_terms" : true
			}
		},
      "host" : {
			"terms" : {
				"field" : "host",
				"all_terms" : true
			}
		}
	}
}
