{
    "filter": {
        "range": {
            "logTime": {
                "from": 0,
                "to": 999967980201000000
            }
        }
    },
    "size": 0,
    "facets": {
        "projectName": {
            "terms": {
                "field": "projectName",
                "size": 100
            },
            "facet_filter": {
                "range": {
                    "logTime": {
                        "from": 0,
                        "to": 999967980201000000
                    }
                }
            }
        },
        
       
        "host": {
            "terms": {
                "field": "host",
                "size": 100
            },
            "facet_filter": {
                "range": {
                    "logTime": {
                        "from": 0,
                        "to": 999967980201000000
                    }
                }
            }
        },
        "logLevel": {
            "terms": {
                "field": "logLevel",
                "size": 100
            },
            "facet_filter": {
                "range": {
                    "logTime": {
                        "from": 1368080138350,
                        "to": 1368085138350
                    }
                }
            }
        }
        
    }
}