<?xml version="1.0" encoding="UTF-8"?>
<beans xmlns="http://www.springframework.org/schema/beans"
	xmlns:xsi="http://www.w3.org/2001/XMLSchema-instance" xmlns:tx="http://www.springframework.org/schema/tx"
	xmlns:context="http://www.springframework.org/schema/context"
	xmlns:jdbc="http://www.springframework.org/schema/jdbc"
	xsi:schemaLocation="
		http://www.springframework.org/schema/beans http://www.springframework.org/schema/beans/spring-beans-3.1.xsd
		http://www.springframework.org/schema/tx http://www.springframework.org/schema/tx/spring-tx-3.1.xsd
		http://www.springframework.org/schema/context http://www.springframework.org/schema/context/spring-context-3.1.xsd
		http://www.springframework.org/schema/jdbc http://www.springframework.org/schema/jdbc/spring-jdbc-3.1.xsd"
	default-lazy-init="true">

	<description>es_maven</description>

	<bean
		class="org.springframework.beans.factory.config.PropertyPlaceholderConfigurer">
		<property name="systemPropertiesModeName" value="SYSTEM_PROPERTIES_MODE_OVERRIDE" />
		<property name="ignoreResourceNotFound" value="true" />
		<property name="ignoreUnresolvablePlaceholders" value="true" />
		<property name="locations">
			<list>
				<value>classpath*:conf/application.properties</value>
			</list>
		</property>
	</bean>

	<context:component-scan base-package="com.search" />

	<!-- MyBatis配置 -->
	<bean id="sqlSessionFactory" class="org.mybatis.spring.SqlSessionFactoryBean">
		<property name="dataSource" ref="dataSource" />
		<property name="configLocation" value="classpath:/es/mapper/Configuration.xml" />
		<property name="mapperLocations" value="classpath:/es/mapper/*Mapper.xml" />
	</bean>

	<!-- 事务管理器配置, 使用jdbc事务 -->
	<bean id="transactionManager"
		class="org.springframework.jdbc.datasource.DataSourceTransactionManager">
		<property name="dataSource" ref="dataSource" />
	</bean>

	<!-- 使用annotation定义事务 -->
	<tx:annotation-driven transaction-manager="transactionManager"
		proxy-target-class="true" />

	<!-- JSR303 Validator定义 -->
	<bean id="validator"
		class="org.springframework.validation.beanvalidation.LocalValidatorFactoryBean" />

	<bean id="dataSource" class="org.apache.commons.dbcp.BasicDataSource"
		destroy-method="close">
		<property name="driverClassName" value="${jdbc.driverClassName}" />
		<property name="url" value="${jdbc.url}" />
		<property name="username" value="${jdbc.username}" />
		<property name="password" value="${jdbc.password}" />
		<!-- Connection Pooling Info -->
		<property name="maxActive" value="300" />
		<property name="maxIdle" value="30" />
		<property name="defaultAutoCommit" value="false" />
		<!-- 连接Idle一个小时后超时 -->
		<property name="timeBetweenEvictionRunsMillis" value="3600000" />
		<property name="minEvictableIdleTimeMillis" value="3600000" />
	</bean>

	<bean id="jdbcTemplate" class="org.springframework.jdbc.core.JdbcTemplate">
		<property name="dataSource">
			<ref bean="dataSource" />
		</property>
	</bean>
</beans>
