<?xml version="1.0" encoding="UTF-8"?>
<beans xmlns="http://www.springframework.org/schema/beans"
	xmlns:xsi="http://www.w3.org/2001/XMLSchema-instance" xmlns:context="http://www.springframework.org/schema/context"
	xmlns:int="http://www.springframework.org/schema/integration"
	xmlns:lang="http://www.springframework.org/schema/lang" xmlns:p="http://www.springframework.org/schema/p"
	xmlns:util="http://www.springframework.org/schema/util"
	xsi:schemaLocation="http://www.springframework.org/schema/beans http://www.springframework.org/schema/beans/spring-beans-3.0.xsd
        http://www.springframework.org/schema/context http://www.springframework.org/schema/context/spring-context.xsd
        http://www.springframework.org/schema/integration http://www.springframework.org/schema/integration/spring-integration-2.0.xsd
        http://www.springframework.org/schema/lang http://www.springframework.org/schema/lang/spring-lang.xsd
        http://www.springframework.org/schema/util http://www.springframework.org/schema/util/spring-util.xsd">
	<bean
		class="org.springframework.beans.factory.config.PropertyPlaceholderConfigurer">
		<property name="systemPropertiesModeName" value="SYSTEM_PROPERTIES_MODE_OVERRIDE" />
		<property name="searchSystemEnvironment" value="true" />
		<property name="ignoreUnresolvablePlaceholders" value="true" />
		<property name="locations">
			<list>
				<value>classpath*:conf/elasticsearch.properties</value>
			</list>
		</property>
		<property name="properties">
			<props>
				<prop key="projectx.index.dir">/var/tmp/index</prop>
				<prop key="projectx.index.dir.create">true</prop>
				<prop key="projectx.index.name">es_maven</prop>
			</props>
		</property>
	</bean>

	<bean id="esNode" class="com.search.es.ElasticsearchNodeFactoryBean">
		<property name="configLocation" value="classpath:conf/elasticsearch.properties" />
	</bean>
</beans>