{
    "brand": {
        "_all": {
            "indexAnalyzer": "ik_max_word",
            "searchAnalyzer": "ik_max_word",
            "term_vector": "no",
            "store": "false"
        },
        "properties": {
            "id": {
                "type": "long"
            },
            "name": {
            	"fields" : {
            		"name_pinyin" : {
            			"search_analyzer" : "pinyin_ngram_analyzer",
            			"index_analyzer" : "pinyin_ngram_analyzer",
            			"type" : "string"
            		},
            		"name_pinyin_first_letter" : {
            			"search_analyzer" : "pinyin_first_letter_analyzer",
            			"index_analyzer" : "pinyin_first_letter_analyzer",
            			"type" : "string"
            		},
            		"name_ik" : {
            			"search_analyzer" : "ik_max_word",
            			"index_analyzer" : "ik_max_word",
            			"type" : "string"
            		},
            		"name_lowercase_keyword_ngram_min_size1" : {
            			"search_analyzer" : "lowercase_keyword_ngram_min_size1",
            			"index_analyzer" : "lowercase_keyword_ngram_min_size1",
            			"type" : "string"
            		}
            	},
            	"store" : "no",
            	"term_vector" : "with_positions_offsets",
            	"include_in_all" : "true",
            	"boost" : 8,
            	"type" : "multi_field"
            }
        }
    }
}