{
    "query": {"bool": {"must": []}},
    "size": 0,
    "aggs": {
      "result": {
        "date_histogram": {
          "field": "utime",
          "interval": "86400s",
          "format": "yyyy-MM-dd HH:mm:ss",
          "pre_zone": "+08:00",
          "post_zone": "+08:00",
          "order": {"_key": "asc"},
          "min_doc_count": 0,
          "extended_bounds": {
            "min": 1430582400000,
            "max": 1433174399999
          }
        },
        "aggs": {
          "pv_aggs": {"sum": {"script": "c=0; c+=doc['loc'].values.size(); c"}},
          "uv_aggs": {"cardinality": {"field": "_ucv"}},
          "ip_aggs": {"cardinality": {"field": "remote"}},
          "single_visitor_aggs": {
            "filter": {
              "script": {
                "script": "doc['loc'].values.size() == param1",
                "params": {"param1": 1}
              }
            },
            "aggs": {"svc_aggs": {"sum": {"script": "1"}}}
          },
          "vc_aggs": {"sum": {"script": "1"}},
          "tvt_aggs": {"sum": {"script": "sum_time = 0; len = doc['utime'].values.size() - 1; if (len > 0) { sum_time = doc['utime'].values[len] - doc['utime'].values[0] }; sum_time"}}
        }
      }
    }
}