{
    "query": {
      "bool": {
        "must": [
          {
            "terms": {
              "rf_type": [
                "3"
              ]
            }
          }
        ]
      }
    },
    "size": 0,
    "aggs": {
      "result": {
        "terms": {
          "script": "doc['rf'].value"
        },
        "aggs": {
          "uv_aggs": {
            "cardinality": {
              "field": "_ucv"
            }
          },
          "new_visitor_aggs": {
            "sum": {
              "script": "c = 0; if (doc['ct'].value == 0) { c = 1 }; c"
            }
          },
          "single_visitor_aggs": {
            "filter": {
              "script": {
                "script": "doc['loc'].values.size() == param1",
                "params": {
                  "param1": 1
                }
              }
            },
            "aggs": {
              "svc_aggs": {
                "sum": {
                  "script": "1"
                }
              }
            }
          },
          "vc_aggs": {
            "sum": {
              "script": "1"
            }
          },
          "pv_aggs": {
            "sum": {
              "script": "c=0; c+=doc['loc'].values.size(); c"
            }
          }
        }
      }
    }
}